,human_mean,ai_mean,smd
type_token_ratio,0.626,0.503,-0.811
flesch_reading_ease,0.67,0.6,-0.735
punct_rate,0.026,0.022,-0.348
repeated_punct_rate,0.038,0.006,-0.284
upper_rate,0.02,0.015,-0.269
lowercase_i_rate,0.009,0.0,-0.267
second_person_rate,0.021,0.014,-0.247
digit_rate,0.004,0.002,-0.214
first_person_rate,0.017,0.012,-0.174
starts_lowercase,0.032,0.016,-0.11
function_word_rate,0.443,0.44,-0.055
contraction_rate,0.008,0.009,0.098
passive_rate,0.031,0.044,0.247
comma_rate,0.04,0.053,0.448
word_len_std,0.467,0.516,0.494
hedge_rate,0.013,0.023,0.629
connective_rate,0.008,0.025,0.664
avg_word_len,0.44,0.472,0.707
long_word_rate,0.187,0.246,0.782
n_words,0.639,0.882,0.836
